Workbook

Sheet Návod
A1: Matice shody – ŠABLONA pro sběr požadavků (IT, Compliance, Legal, Obchod)
A2: Horizont Privátní banka, a.s. · Projekt SENTINEL – výměna KYC/AML řešení
A3: FIKTIVNÍ CVIČNÝ DOKUMENT – banka, osoby a dodavatelé jsou smyšlení.
B5: Účel
B6: Matice shody je jediný zdroj požadavků výběrového řízení. Každý požadavek má unikátní ID, vlastníka, prioritu MoSCoW, zdroj (legislativa / standard Banky) a akceptační kritérium. Dodavatel ke každému požadavku vybírá normovanou odpověď, takže odpovědi lze kvantitativně porovnat.
B7: Jak sbírat požadavky se stakeholdery
B8: 1) Business analytik připraví návrh požadavků z analýzy výchozího stavu (procesy onboardingu, screeningu, rozhodování v CRM).
B9: 2) Samostatné workshopy po stakeholderech: IT, Compliance, Legal, Obchod. Každý workshop zapsat do listu Workshopy.
B10: 3) Každý požadavek má jednoho vlastníka, který ho obhájí a schválí jeho akceptační kritérium.
B11: 4) Konflikty mezi stakeholdery (např. Obchod vs. Compliance) zapsat do listu Konflikty a rozhodnout na konsolidačním workshopu / SteerCo.
B12: 5) Před vyhlášením tendru musí mít všechny požadavky stav Schváleno nebo Schváleno s úpravou; K.O. kritéria a váhy schvaluje SteerCo.
B13: 6) Pro dodavatele se z matice odstraní interní sloupce (vlastník, stav, poznámka, hodnoticí sloupce) – viz Příloha 1 RFP.
B14: Pravidla psaní požadavků
B15: • Jeden požadavek = jedna ověřitelná vlastnost. Žádné „systém bude uživatelsky přívětivý“.
B16: • Akceptační kritérium říká, jak splnění ověříme (demo, test v SIT, doklad).
... B29: Vypočteno vzorcem – needitovat

Sheet Požadavky
A1: Matice shody – požadavky
A2: Horizont Privátní banka, a.s. · Projekt SENTINEL – výměna KYC/AML řešení
A3: FIKTIVNÍ CVIČNÝ DOKUMENT – banka, osoby a dodavatelé jsou smyšlení.
A4: BANKA | B4: BANKA | C4: BANKA | D4: BANKA | E4: BANKA | F4: BANKA | G4: BANKA | H4: BANKA | I4: BANKA | J4: BANKA | K4: BANKA | L4: BANKA | M4: DODAVATEL | N4: DODAVATEL | O4: DODAVATEL | P4: VÝPOČET | Q4: VÝPOČET | R4: VÝPOČET | S4: KOMISE | T4: VÝPOČET | U4: VÝPOČET | V4: VÝPOČET | W4: VÝPOČET | X4: KOMISE
A5: ID požadavku | B5: Oblast | C5: Text požadavku | D5: Zdroj / zdůvodnění (legislativa, standard) | E5: Vlastník požadavku (stakeholder) | F5: Priorita (MoSCoW) | G5: K.O. kritérium | H5: Akceptační kritérium (jak ověříme) | I5: Očekávaná kapitola FS | J5: Hodnoceno v | K5: Stav projednání | L5: Poznámka z workshopu | M5: Odpověď dodavatele | N5: Komentář dodavatele (jak je splněno, verze produktu, omezení) | O5: Odkaz do Feasibility Study (kapitola) | P5: Křížová kontrola FS | Q5: Váha MoSCoW | R5: Body dle odpovědi (0–5) | S5: Ověřeno komisí (FS / demo) | T5: Uznané body | U5: Výsledek K.O. | V5: Vážené body | W5: Max. vážené body | X5: Komentář komise (povinný při snížení bodů)
A6: SEC-001 | B6: SEC | C6: Systém podporuje SAML 2.0 / OIDC pro SSO. | D6: Bezpečnostní politika | E6: IT | F6: Must | G6: Ano | H6: Přihlášení přes IAM ověřeno v SIT. | I6: 4.2 | J6: K.O. (Pass/Fail) | K6: Návrh | L6: Příklad – přepište | P6: =IF(M6="","",IF(OR(M6="OOTB",M6="Konfigurace",M6="Custom vývoj"),IF(O6="","CHYBÍ odkaz FS","OK"),"N/A")) | Q6: =IF(F6="Must",3,IF(F6="Should",2,IF(F6="Could",1,0))) | R6: =IF(M6="","",IF(M6="OOTB",5,IF(M6="Konfigurace",3,IF(M6="Custom vývoj",1,IF(OR(M6="3rd party",M6="Nesplněno"),0,""))))) | T6: =IF(R6="","",IF(OR(P6="CHYBÍ odkaz FS",S6="Ne"),0,R6)) | U6: =IF(G6<>"Ano","",IF(M6="","",IF(OR(M6="Nesplněno",M6="3rd party",M6="Neakceptuje",S6="Ne",P6="CHYBÍ odkaz FS"),"FAIL",IF(M6="Akceptuje s výhradou","K VYJASNĚNÍ","PASS")))) | V6: =IF(AND(J6="Byznys (30 %)",G6<>"Ano",ISNUMBER(T6)),T6*Q6,0) | W6: =IF(AND(J6="Byznys (30 %)",G6<>"Ano",F6<>"Won't"),5*Q6,0)
A7: INT-002 | B7: INT | C7: Systém se umí napojit na core banking přes Kafka. | D7: Architektonický standard | E7: IT | F7: Must | G7: Ne | H7: Konzumace topiců bez ztráty zpráv. | I7: 5.2 | J7: Podklad pro FS (20 %) | K7: Návrh | L7: Příklad – přepište | P7: =IF(M7="","",IF(OR(M7="OOTB",M7="Konfigurace",M7="Custom vývoj"),IF(O7="","CHYBÍ odkaz FS","OK"),"N/A")) | Q7: =IF(F7="Must",3,IF(F7="Should",2,IF(F7="Could",1,0))) | R7: =IF(M7="","",IF(M7="OOTB",5,IF(M7="Konfigurace",3,IF(M7="Custom vývoj",1,IF(OR(M7="3rd party",M7="Nesplněno"),0,""))))) | T7: =IF(R7="","",IF(OR(P7="CHYBÍ odkaz FS",S7="Ne"),0,R7)) | U7: =IF(G7<>"Ano","",IF(M7="","",IF(OR(M7="Nesplněno",M7="3rd party",M7="Neakceptuje",S7="Ne",P7="CHYBÍ odkaz FS"),"FAIL",IF(M7="Akceptuje s výhradou","K VYJASNĚNÍ","PASS")))) | V7: =IF(AND(J7="Byznys (30 %)",G7<>"Ano",ISNUMBER(T7)),T7*Q7,0) | W7: =IF(AND(J7="Byznys (30 %)",G7<>"Ano",F7<>"Won't"),5*Q7,0)
A8: FUN-045 | B8: REP | C8: Generování PDF reportu s vodoznakem. | D8: Požadavek Compliance | E8: Compliance | F8: Should | G8: Ne | H8: Report obsahuje vodoznak s uživatelem a časem. | I8: 6.5 | J8: Byznys (30 %) | K8: Návrh | L8: Příklad – přepište | P8: =IF(M8="","",IF(OR(M8="OOTB",M8="Konfigurace",M8="Custom vývoj"),IF(O8="","CHYBÍ odkaz FS","OK"),"N/A")) | Q8: =IF(F8="Must",3,IF(F8="Should",2,IF(F8="Could",1,0))) | R8: =IF(M8="","",IF(M8="OOTB",5,IF(M8="Konfigurace",3,IF(M8="Custom vývoj",1,IF(OR(M8="3rd party",M8="Nesplněno"),0,""))))) | T8: =IF(R8="","",IF(OR(P8="CHYBÍ odkaz FS",S8="Ne"),0,R8)) | U8: =IF(G8<>"Ano","",IF(M8="","",IF(OR(M8="Nesplněno",M8="3rd party",M8="Neakceptuje",S8="Ne",P8="CHYBÍ odkaz FS"),"FAIL",IF(M8="Akceptuje s výhradou","K VYJASNĚNÍ","PASS")))) | V8: =IF(AND(J8="Byznys (30 %)",G8<>"Ano",ISNUMBER(T8)),T8*Q8,0) | W8: =IF(AND(J8="Byznys (30 %)",G8<>"Ano",F8<>"Won't"),5*Q8,0)
P9: =IF(M9="","",IF(OR(M9="OOTB",M9="Konfigurace",M9="Custom vývoj"),IF(O9="","CHYBÍ odkaz FS","OK"),"N/A")) | Q9: =IF(F9="Must",3,IF(F9="Should",2,IF(F9="Could",1,0))) | R9: =IF(M9="","",IF(M9="OOTB",5,IF(M9="Konfigurace",3,IF(M9="Custom vývoj",1,IF(OR(M9="3rd party",M9="Nesplněno"),0,""))))) | T9: =IF(R9="","",IF(OR(P9="CHYBÍ odkaz FS",S9="Ne"),0,R9)) | U9: =IF(G9<>"Ano","",IF(M9="","",IF(OR(M9="Nesplněno",M9="3rd party",M9="Neakceptuje",S9="Ne",P9="CHYBÍ odkaz FS"),"FAIL",IF(M9="Akceptuje s výhradou","K VYJASNĚNÍ","PASS")))) | V9: =IF(AND(J9="Byznys (30 %)",G9<>"Ano",ISNUMBER(T9)),T9*Q9,0) | W9: =IF(AND(J9="Byznys (30 %)",G9<>"Ano",F9<>"Won't"),5*Q9,0)
P10: =IF(M10="","",IF(OR(M10="OOTB",M10="Konfigurace",M10="Custom vývoj"),IF(O10="","CHYBÍ odkaz FS","OK"),"N/A")) | Q10: =IF(F10="Must",3,IF(F10="Should",2,IF(F10="Could",1,0))) | R10: =IF(M10="","",IF(M10="OOTB",5,IF(M10="Konfigurace",3,IF(M10="Custom vývoj",1,IF(OR(M10="3rd party",M10="Nesplněno"),0,""))))) | T10: =IF(R10="","",IF(OR(P10="CHYBÍ odkaz FS",S10="Ne"),0,R10)) | U10: =IF(G10<>"Ano","",IF(M10="","",IF(OR(M10="Nesplněno",M10="3rd party",M10="Neakceptuje",S10="Ne",P10="CHYBÍ odkaz FS"),"FAIL",IF(M10="Akceptuje s výhradou","K VYJASNĚNÍ","PASS")))) | V10: =IF(AND(J10="Byznys (30 %)",G10<>"Ano",ISNUMBER(T10)),T10*Q10,0) | W10: =IF(AND(J10="Byznys (30 %)",G10<>"Ano",F10<>"Won't"),5*Q10,0)
P11: =IF(M11="","",IF(OR(M11="OOTB",M11="Konfigurace",M11="Custom vývoj"),IF(O11="","CHYBÍ odkaz FS","OK"),"N/A")) | Q11: =IF(F11="Must",3,IF(F11="Should",2,IF(F11="Could",1,0))) | R11: =IF(M11="","",IF(M11="OOTB",5,IF(M11="Konfigurace",3,IF(M11="Custom vývoj",1,IF(OR(M11="3rd party",M11="Nesplněno"),0,""))))) | T11: =IF(R11="","",IF(OR(P11="CHYBÍ odkaz FS",S11="Ne"),0,R11)) | U11: =IF(G11<>"Ano","",IF(M11="","",IF(OR(M11="Nesplněno",M11="3rd party",M11="Neakceptuje",S11="Ne",P11="CHYBÍ odkaz FS"),"FAIL",IF(M11="Akceptuje s výhradou","K VYJASNĚNÍ","PASS")))) | V11: =IF(AND(J11="Byznys (30 %)",G11<>"Ano",ISNUMBER(T11)),T11*Q11,0) | W11: =IF(AND(J11="Byznys (30 %)",G11<>"Ano",F11<>"Won't"),5*Q11,0)
P12: =IF(M12="","",IF(OR(M12="OOTB",M12="Konfigurace",M12="Custom vývoj"),IF(O12="","CHYBÍ odkaz FS","OK"),"N/A")) | Q12: =IF(F12="Must",3,IF(F12="Should",2,IF(F12="Could",1,0))) | R12: =IF(M12="","",IF(M12="OOTB",5,IF(M12="Konfigurace",3,IF(M12="Custom vývoj",1,IF(OR(M12="3rd party",M12="Nesplněno"),0,""))))) | T12: =IF(R12="","",IF(OR(P12="CHYBÍ odkaz FS",S12="Ne"),0,R12)) | U12: =IF(G12<>"Ano","",IF(M12="","",IF(OR(M12="Nesplněno",M12="3rd party",M12="Neakceptuje",S12="Ne",P12="CHYBÍ odkaz FS"),"FAIL",IF(M12="Akceptuje s výhradou","K VYJASNĚNÍ","PASS")))) | V12: =IF(AND(J12="Byznys (30 %)",G12<>"Ano",ISNUMBER(T12)),T12*Q12,0) | W12: =IF(AND(J12="Byznys (30 %)",G12<>"Ano",F12<>"Won't"),5*Q12,0)
P13: =IF(M13="","",IF(OR(M13="OOTB",M13="Konfigurace",M13="Custom vývoj"),IF(O13="","CHYBÍ odkaz FS","OK"),"N/A")) | Q13: =IF(F13="Must",3,IF(F13="Should",2,IF(F13="Could",1,0))) | R13: =IF(M13="","",IF(M13="OOTB",5,IF(M13="Konfigurace",3,IF(M13="Custom vývoj",1,IF(OR(M13="3rd party",M13="Nesplněno"),0,""))))) | T13: =IF(R13="","",IF(OR(P13="CHYBÍ odkaz FS",S13="Ne"),0,R13)) | U13: =IF(G13<>"Ano","",IF(M13="","",IF(OR(M13="Nesplněno",M13="3rd party",M13="Neakceptuje",S13="Ne",P13="CHYBÍ odkaz FS"),"FAIL",IF(M13="Akceptuje s výhradou","K VYJASNĚNÍ","PASS")))) | V13: =IF(AND(J13="Byznys (30 %)",G13<>"Ano",ISNUMBER(T13)),T13*Q13,0) | W13: =IF(AND(J13="Byznys (30 %)",G13<>"Ano",F13<>"Won't"),5*Q13,0)
P14: =IF(M14="","",IF(OR(M14="OOTB",M14="Konfigurace",M14="Custom vývoj"),IF(O14="","CHYBÍ odkaz FS","OK"),"N/A")) | Q14: =IF(F14="Must",3,IF(F14="Should",2,IF(F14="Could",1,0))) | R14: =IF(M14="","",IF(M14="OOTB",5,IF(M14="Konfigurace",3,IF(M14="Custom vývoj",1,IF(OR(M14="3rd party",M14="Nesplněno"),0,""))))) | T14: =IF(R14="","",IF(OR(P14="CHYBÍ odkaz FS",S14="Ne"),0,R14)) | U14: =IF(G14<>"Ano","",IF(M14="","",IF(OR(M14="Nesplněno",M14="3rd party",M14="Neakceptuje",S14="Ne",P14="CHYBÍ odkaz FS"),"FAIL",IF(M14="Akceptuje s výhradou","K VYJASNĚNÍ","PASS")))) | V14: =IF(AND(J14="Byznys (30 %)",G14<>"Ano",ISNUMBER(T14)),T14*Q14,0) | W14: =IF(AND(J14="Byznys (30 %)",G14<>"Ano",F14<>"Won't"),5*Q14,0)
P15: =IF(M15="","",IF(OR(M15="OOTB",M15="Konfigurace",M15="Custom vývoj"),IF(O15="","CHYBÍ odkaz FS","OK"),"N/A")) | Q15: =IF(F15="Must",3,IF(F15="Should",2,IF(F15="Could",1,0))) | R15: =IF(M15="","",IF(M15="OOTB",5,IF(M15="Konfigurace",3,IF(M15="Custom vývoj",1,IF(OR(M15="3rd party",M15="Nesplněno"),0,""))))) | T15: =IF(R15="","",IF(OR(P15="CHYBÍ odkaz FS",S15="Ne"),0,R15)) | U15: =IF(G15<>"Ano","",IF(M15="","",IF(OR(M15="Nesplněno",M15="3rd party",M15="Neakceptuje",S15="Ne",P15="CHYBÍ odkaz FS"),"FAIL",IF(M15="Akceptuje s výhradou","K VYJASNĚNÍ","PASS")))) | V15: =IF(AND(J15="Byznys (30 %)",G15<>"Ano",ISNUMBER(T15)),T15*Q15,0) | W15: =IF(AND(J15="Byznys (30 %)",G15<>"Ano",F15<>"Won't"),5*Q15,0)
P16: =IF(M16="","",IF(OR(M16="OOTB",M16="Konfigurace",M16="Custom vývoj"),IF(O16="","CHYBÍ odkaz FS","OK"),"N/A")) | Q16: =IF(F16="Must",3,IF(F16="Should",2,IF(F16="Could",1,0))) | R16: =IF(M16="","",IF(M16="OOTB",5,IF(M16="Konfigurace",3,IF(M16="Custom vývoj",1,IF(OR(M16="3rd party",M16="Nesplněno"),0,""))))) | T16: =IF(R16="","",IF(OR(P16="CHYBÍ odkaz FS",S16="Ne"),0,R16)) | U16: =IF(G16<>"Ano","",IF(M16="","",IF(OR(M16="Nesplněno",M16="3rd party",M16="Neakceptuje",S16="Ne",P16="CHYBÍ odkaz FS"),"FAIL",IF(M16="Akceptuje s výhradou","K VYJASNĚNÍ","PASS")))) | V16: =IF(AND(J16="Byznys (30 %)",G16<>"Ano",ISNUMBER(T16)),T16*Q16,0) | W16: =IF(AND(J16="Byznys (30 %)",G16<>"Ano",F16<>"Won't"),5*Q16,0)
P17: =IF(M17="","",IF(OR(M17="OOTB",M17="Konfigurace",M17="Custom vývoj"),IF(O17="","CHYBÍ odkaz FS","OK"),"N/A")) | Q17: =IF(F17="Must",3,IF(F17="Should",2,IF(F17="Could",1,0))) | R17: =IF(M17="","",IF(M17="OOTB",5,IF(M17="Konfigurace",3,IF(M17="Custom vývoj",1,IF(OR(M17="3rd party",M17="Nesplněno"),0,""))))) | T17: =IF(R17="","",IF(OR(P17="CHYBÍ odkaz FS",S17="Ne"),0,R17)) | U17: =IF(G17<>"Ano","",IF(M17="","",IF(OR(M17="Nesplněno",M17="3rd party",M17="Neakceptuje",S17="Ne",P17="CHYBÍ odkaz FS"),"FAIL",IF(M17="Akceptuje s výhradou","K VYJASNĚNÍ","PASS")))) | V17: =IF(AND(J17="Byznys (30 %)",G17<>"Ano",ISNUMBER(T17)),T17*Q17,0) | W17: =IF(AND(J17="Byznys (30 %)",G17<>"Ano",F17<>"Won't"),5*Q17,0)
P18: =IF(M18="","",IF(OR(M18="OOTB",M18="Konfigurace",M18="Custom vývoj"),IF(O18="","CHYBÍ odkaz FS","OK"),"N/A")) | Q18: =IF(F18="Must",3,IF(F18="Should",2,IF(F18="Could",1,0))) | R18: =IF(M18="","",IF(M18="OOTB",5,IF(M18="Konfigurace",3,IF(M18="Custom vývoj",1,IF(OR(M18="3rd party",M18="Nesplněno"),0,""))))) | T18: =IF(R18="","",IF(OR(P18="CHYBÍ odkaz FS",S18="Ne"),0,R18)) | U18: =IF(G18<>"Ano","",IF(M18="","",IF(OR(M18="Nesplněno",M18="3rd party",M18="Neakceptuje",S18="Ne",P18="CHYBÍ odkaz FS"),"FAIL",IF(M18="Akceptuje s výhradou","K VYJASNĚNÍ","PASS")))) | V18: =IF(AND(J18="Byznys (30 %)",G18<>"Ano",ISNUMBER(T18)),T18*Q18,0) | W18: =IF(AND(J18="Byznys (30 %)",G18<>"Ano",F18<>"Won't"),5*Q18,0)
P19: =IF(M19="","",IF(OR(M19="OOTB",M19="Konfigurace",M19="Custom vývoj"),IF(O19="","CHYBÍ odkaz FS","OK"),"N/A")) | Q19: =IF(F19="Must",3,IF(F19="Should",2,IF(F19="Could",1,0))) | R19: =IF(M19="","",IF(M19="OOTB",5,IF(M19="Konfigurace",3,IF(M19="Custom vývoj",1,IF(OR(M19="3rd party",M19="Nesplněno"),0,""))))) | T19: =IF(R19="","",IF(OR(P19="CHYBÍ odkaz FS",S19="Ne"),0,R19)) | U19: =IF(G19<>"Ano","",IF(M19="","",IF(OR(M19="Nesplněno",M19="3rd party",M19="Neakceptuje",S19="Ne",P19="CHYBÍ odkaz FS"),"FAIL",IF(M19="Akceptuje s výhradou","K VYJASNĚNÍ","PASS")))) | V19: =IF(AND(J19="Byznys (30 %)",G19<>"Ano",ISNUMBER(T19)),T19*Q19,0) | W19: =IF(AND(J19="Byznys (30 %)",G19<>"Ano",F19<>"Won't"),5*Q19,0)
P20: =IF(M20="","",IF(OR(M20="OOTB",M20="Konfigurace",M20="Custom vývoj"),IF(O20="","CHYBÍ odkaz FS","OK"),"N/A")) | Q20: =IF(F20="Must",3,IF(F20="Should",2,IF(F20="Could",1,0))) | R20: =IF(M20="","",IF(M20="OOTB",5,IF(M20="Konfigurace",3,IF(M20="Custom vývoj",1,IF(OR(M20="3rd party",M20="Nesplněno"),0,""))))) | T20: =IF(R20="","",IF(OR(P20="CHYBÍ odkaz FS",S20="Ne"),0,R20)) | U20: =IF(G20<>"Ano","",IF(M20="","",IF(OR(M20="Nesplněno",M20="3rd party",M20="Neakceptuje",S20="Ne",P20="CHYBÍ odkaz FS"),"FAIL",IF(M20="Akceptuje s výhradou","K VYJASNĚNÍ","PASS")))) | V20: =IF(AND(J20="Byznys (30 %)",G20<>"Ano",ISNUMBER(T20)),T20*Q20,0) | W20: =IF(AND(J20="Byznys (30 %)",G20<>"Ano",F20<>"Won't"),5*Q20,0)
... P158: =IF(M158="","",IF(OR(M158="OOTB",M158="Konfigurace",M158="Custom vývoj"),IF(O158="","CHYBÍ odkaz FS","OK"),"N/A")) | Q158: =IF(F158="Must",3,IF(F158="Should",2,IF(F158="Could",1,0))) | R158: =IF(M158="","",IF(M158="OOTB",5,IF(M158="Konfigurace",3,IF(M158="Custom vývoj",1,IF(OR(M158="3rd party",M158="Nesplněno"),0,""))))) | T158: =IF(R158="","",IF(OR(P158="CHYBÍ odkaz FS",S158="Ne"),0,R158)) | U158: =IF(G158<>"Ano","",IF(M158="","",IF(OR(M158="Nesplněno",M158="3rd party",M158="Neakceptuje",S158="Ne",P158="CHYBÍ odkaz FS"),"FAIL",IF(M158="Akceptuje s výhradou","K VYJASNĚNÍ","PASS")))) | V158: =IF(AND(J158="Byznys (30 %)",G158<>"Ano",ISNUMBER(T158)),T158*Q158,0) | W158: =IF(AND(J158="Byznys (30 %)",G158<>"Ano",F158<>"Won't"),5*Q158,0)

Sheet Souhrn
A1: Souhrn matice shody
A2: Horizont Privátní banka, a.s. · Projekt SENTINEL – výměna KYC/AML řešení
A3: FIKTIVNÍ CVIČNÝ DOKUMENT – banka, osoby a dodavatelé jsou smyšlení.
A5: Oblast | B5: Název oblasti | C5: Počet požadavků | D5: Must | E5: Should | F5: Could | G5: K.O. | H5: Vyplněno dodavatelem | I5: Custom vývoj | J5: Nesplněno / 3rd party | K5: Chybí odkaz FS
A6: KYC | B6: Onboarding a kontrola klienta (KYC/CDD) | C6: =COUNTIF('Požadavky'!$B$6:$B$158,A6) | D6: =COUNTIFS('Požadavky'!$B$6:$B$158,A6,'Požadavky'!$F$6:$F$158,"Must") | E6: =COUNTIFS('Požadavky'!$B$6:$B$158,A6,'Požadavky'!$F$6:$F$158,"Should") | F6: =COUNTIFS('Požadavky'!$B$6:$B$158,A6,'Požadavky'!$F$6:$F$158,"Could") | G6: =COUNTIFS('Požadavky'!$B$6:$B$158,A6,'Požadavky'!$G$6:$G$158,"Ano") | H6: =COUNTIFS('Požadavky'!$B$6:$B$158,A6,'Požadavky'!$M$6:$M$158,"<>") | I6: =COUNTIFS('Požadavky'!$B$6:$B$158,A6,'Požadavky'!$M$6:$M$158,"Custom vývoj") | J6: =COUNTIFS('Požadavky'!$B$6:$B$158,A6,'Požadavky'!$M$6:$M$158,"Nesplněno")+COUNTIFS('Požadavky'!$B$6:$B$158,A6,'Požadavky'!$M$6:$M$158,"3rd party") | K6: =COUNTIFS('Požadavky'!$B$6:$B$158,A6,'Požadavky'!$P$6:$P$158,"CHYBÍ odkaz FS")
A7: SCR | B7: Screening (sankce, PEP, adverse media) | C7: =COUNTIF('Požadavky'!$B$6:$B$158,A7) | D7: =COUNTIFS('Požadavky'!$B$6:$B$158,A7,'Požadavky'!$F$6:$F$158,"Must") | E7: =COUNTIFS('Požadavky'!$B$6:$B$158,A7,'Požadavky'!$F$6:$F$158,"Should") | F7: =COUNTIFS('Požadavky'!$B$6:$B$158,A7,'Požadavky'!$F$6:$F$158,"Could") | G7: =COUNTIFS('Požadavky'!$B$6:$B$158,A7,'Požadavky'!$G$6:$G$158,"Ano") | H7: =COUNTIFS('Požadavky'!$B$6:$B$158,A7,'Požadavky'!$M$6:$M$158,"<>") | I7: =COUNTIFS('Požadavky'!$B$6:$B$158,A7,'Požadavky'!$M$6:$M$158,"Custom vývoj") | J7: =COUNTIFS('Požadavky'!$B$6:$B$158,A7,'Požadavky'!$M$6:$M$158,"Nesplněno")+COUNTIFS('Požadavky'!$B$6:$B$158,A7,'Požadavky'!$M$6:$M$158,"3rd party") | K7: =COUNTIFS('Požadavky'!$B$6:$B$158,A7,'Požadavky'!$P$6:$P$158,"CHYBÍ odkaz FS")
A8: TM | B8: Monitoring transakcí | C8: =COUNTIF('Požadavky'!$B$6:$B$158,A8) | D8: =COUNTIFS('Požadavky'!$B$6:$B$158,A8,'Požadavky'!$F$6:$F$158,"Must") | E8: =COUNTIFS('Požadavky'!$B$6:$B$158,A8,'Požadavky'!$F$6:$F$158,"Should") | F8: =COUNTIFS('Požadavky'!$B$6:$B$158,A8,'Požadavky'!$F$6:$F$158,"Could") | G8: =COUNTIFS('Požadavky'!$B$6:$B$158,A8,'Požadavky'!$G$6:$G$158,"Ano") | H8: =COUNTIFS('Požadavky'!$B$6:$B$158,A8,'Požadavky'!$M$6:$M$158,"<>") | I8: =COUNTIFS('Požadavky'!$B$6:$B$158,A8,'Požadavky'!$M$6:$M$158,"Custom vývoj") | J8: =COUNTIFS('Požadavky'!$B$6:$B$158,A8,'Požadavky'!$M$6:$M$158,"Nesplněno")+COUNTIFS('Požadavky'!$B$6:$B$158,A8,'Požadavky'!$M$6:$M$158,"3rd party") | K8: =COUNTIFS('Požadavky'!$B$6:$B$158,A8,'Požadavky'!$P$6:$P$158,"CHYBÍ odkaz FS")
A9: CAS | B9: Správa případů a rozhodování | C9: =COUNTIF('Požadavky'!$B$6:$B$158,A9) | D9: =COUNTIFS('Požadavky'!$B$6:$B$158,A9,'Požadavky'!$F$6:$F$158,"Must") | E9: =COUNTIFS('Požadavky'!$B$6:$B$158,A9,'Požadavky'!$F$6:$F$158,"Should") | F9: =COUNTIFS('Požadavky'!$B$6:$B$158,A9,'Požadavky'!$F$6:$F$158,"Could") | G9: =COUNTIFS('Požadavky'!$B$6:$B$158,A9,'Požadavky'!$G$6:$G$158,"Ano") | H9: =COUNTIFS('Požadavky'!$B$6:$B$158,A9,'Požadavky'!$M$6:$M$158,"<>") | I9: =COUNTIFS('Požadavky'!$B$6:$B$158,A9,'Požadavky'!$M$6:$M$158,"Custom vývoj") | J9: =COUNTIFS('Požadavky'!$B$6:$B$158,A9,'Požadavky'!$M$6:$M$158,"Nesplněno")+COUNTIFS('Požadavky'!$B$6:$B$158,A9,'Požadavky'!$M$6:$M$158,"3rd party") | K9: =COUNTIFS('Požadavky'!$B$6:$B$158,A9,'Požadavky'!$P$6:$P$158,"CHYBÍ odkaz FS")
A10: REP | B10: Reporting a součinnost s FAÚ | C10: =COUNTIF('Požadavky'!$B$6:$B$158,A10) | D10: =COUNTIFS('Požadavky'!$B$6:$B$158,A10,'Požadavky'!$F$6:$F$158,"Must") | E10: =COUNTIFS('Požadavky'!$B$6:$B$158,A10,'Požadavky'!$F$6:$F$158,"Should") | F10: =COUNTIFS('Požadavky'!$B$6:$B$158,A10,'Požadavky'!$F$6:$F$158,"Could") | G10: =COUNTIFS('Požadavky'!$B$6:$B$158,A10,'Požadavky'!$G$6:$G$158,"Ano") | H10: =COUNTIFS('Požadavky'!$B$6:$B$158,A10,'Požadavky'!$M$6:$M$158,"<>") | I10: =COUNTIFS('Požadavky'!$B$6:$B$158,A10,'Požadavky'!$M$6:$M$158,"Custom vývoj") | J10: =COUNTIFS('Požadavky'!$B$6:$B$158,A10,'Požadavky'!$M$6:$M$158,"Nesplněno")+COUNTIFS('Požadavky'!$B$6:$B$158,A10,'Požadavky'!$M$6:$M$158,"3rd party") | K10: =COUNTIFS('Požadavky'!$B$6:$B$158,A10,'Požadavky'!$P$6:$P$158,"CHYBÍ odkaz FS")
A11: INT | B11: Integrace | C11: =COUNTIF('Požadavky'!$B$6:$B$158,A11) | D11: =COUNTIFS('Požadavky'!$B$6:$B$158,A11,'Požadavky'!$F$6:$F$158,"Must") | E11: =COUNTIFS('Požadavky'!$B$6:$B$158,A11,'Požadavky'!$F$6:$F$158,"Should") | F11: =COUNTIFS('Požadavky'!$B$6:$B$158,A11,'Požadavky'!$F$6:$F$158,"Could") | G11: =COUNTIFS('Požadavky'!$B$6:$B$158,A11,'Požadavky'!$G$6:$G$158,"Ano") | H11: =COUNTIFS('Požadavky'!$B$6:$B$158,A11,'Požadavky'!$M$6:$M$158,"<>") | I11: =COUNTIFS('Požadavky'!$B$6:$B$158,A11,'Požadavky'!$M$6:$M$158,"Custom vývoj") | J11: =COUNTIFS('Požadavky'!$B$6:$B$158,A11,'Požadavky'!$M$6:$M$158,"Nesplněno")+COUNTIFS('Požadavky'!$B$6:$B$158,A11,'Požadavky'!$M$6:$M$158,"3rd party") | K11: =COUNTIFS('Požadavky'!$B$6:$B$158,A11,'Požadavky'!$P$6:$P$158,"CHYBÍ odkaz FS")
A12: MIG | B12: Datová migrace | C12: =COUNTIF('Požadavky'!$B$6:$B$158,A12) | D12: =COUNTIFS('Požadavky'!$B$6:$B$158,A12,'Požadavky'!$F$6:$F$158,"Must") | E12: =COUNTIFS('Požadavky'!$B$6:$B$158,A12,'Požadavky'!$F$6:$F$158,"Should") | F12: =COUNTIFS('Požadavky'!$B$6:$B$158,A12,'Požadavky'!$F$6:$F$158,"Could") | G12: =COUNTIFS('Požadavky'!$B$6:$B$158,A12,'Požadavky'!$G$6:$G$158,"Ano") | H12: =COUNTIFS('Požadavky'!$B$6:$B$158,A12,'Požadavky'!$M$6:$M$158,"<>") | I12: =COUNTIFS('Požadavky'!$B$6:$B$158,A12,'Požadavky'!$M$6:$M$158,"Custom vývoj") | J12: =COUNTIFS('Požadavky'!$B$6:$B$158,A12,'Požadavky'!$M$6:$M$158,"Nesplněno")+COUNTIFS('Požadavky'!$B$6:$B$158,A12,'Požadavky'!$M$6:$M$158,"3rd party") | K12: =COUNTIFS('Požadavky'!$B$6:$B$158,A12,'Požadavky'!$P$6:$P$158,"CHYBÍ odkaz FS")
A13: NFR | B13: Nefunkční požadavky | C13: =COUNTIF('Požadavky'!$B$6:$B$158,A13) | D13: =COUNTIFS('Požadavky'!$B$6:$B$158,A13,'Požadavky'!$F$6:$F$158,"Must") | E13: =COUNTIFS('Požadavky'!$B$6:$B$158,A13,'Požadavky'!$F$6:$F$158,"Should") | F13: =COUNTIFS('Požadavky'!$B$6:$B$158,A13,'Požadavky'!$F$6:$F$158,"Could") | G13: =COUNTIFS('Požadavky'!$B$6:$B$158,A13,'Požadavky'!$G$6:$G$158,"Ano") | H13: =COUNTIFS('Požadavky'!$B$6:$B$158,A13,'Požadavky'!$M$6:$M$158,"<>") | I13: =COUNTIFS('Požadavky'!$B$6:$B$158,A13,'Požadavky'!$M$6:$M$158,"Custom vývoj") | J13: =COUNTIFS('Požadavky'!$B$6:$B$158,A13,'Požadavky'!$M$6:$M$158,"Nesplněno")+COUNTIFS('Požadavky'!$B$6:$B$158,A13,'Požadavky'!$M$6:$M$158,"3rd party") | K13: =COUNTIFS('Požadavky'!$B$6:$B$158,A13,'Požadavky'!$P$6:$P$158,"CHYBÍ odkaz FS")
A14: SEC | B14: Bezpečnost | C14: =COUNTIF('Požadavky'!$B$6:$B$158,A14) | D14: =COUNTIFS('Požadavky'!$B$6:$B$158,A14,'Požadavky'!$F$6:$F$158,"Must") | E14: =COUNTIFS('Požadavky'!$B$6:$B$158,A14,'Požadavky'!$F$6:$F$158,"Should") | F14: =COUNTIFS('Požadavky'!$B$6:$B$158,A14,'Požadavky'!$F$6:$F$158,"Could") | G14: =COUNTIFS('Požadavky'!$B$6:$B$158,A14,'Požadavky'!$G$6:$G$158,"Ano") | H14: =COUNTIFS('Požadavky'!$B$6:$B$158,A14,'Požadavky'!$M$6:$M$158,"<>") | I14: =COUNTIFS('Požadavky'!$B$6:$B$158,A14,'Požadavky'!$M$6:$M$158,"Custom vývoj") | J14: =COUNTIFS('Požadavky'!$B$6:$B$158,A14,'Požadavky'!$M$6:$M$158,"Nesplněno")+COUNTIFS('Požadavky'!$B$6:$B$158,A14,'Požadavky'!$M$6:$M$158,"3rd party") | K14: =COUNTIFS('Požadavky'!$B$6:$B$158,A14,'Požadavky'!$P$6:$P$158,"CHYBÍ odkaz FS")
A15: REG | B15: Regulatorní soulad a auditovatelnost | C15: =COUNTIF('Požadavky'!$B$6:$B$158,A15) | D15: =COUNTIFS('Požadavky'!$B$6:$B$158,A15,'Požadavky'!$F$6:$F$158,"Must") | E15: =COUNTIFS('Požadavky'!$B$6:$B$158,A15,'Požadavky'!$F$6:$F$158,"Should") | F15: =COUNTIFS('Požadavky'!$B$6:$B$158,A15,'Požadavky'!$F$6:$F$158,"Could") | G15: =COUNTIFS('Požadavky'!$B$6:$B$158,A15,'Požadavky'!$G$6:$G$158,"Ano") | H15: =COUNTIFS('Požadavky'!$B$6:$B$158,A15,'Požadavky'!$M$6:$M$158,"<>") | I15: =COUNTIFS('Požadavky'!$B$6:$B$158,A15,'Požadavky'!$M$6:$M$158,"Custom vývoj") | J15: =COUNTIFS('Požadavky'!$B$6:$B$158,A15,'Požadavky'!$M$6:$M$158,"Nesplněno")+COUNTIFS('Požadavky'!$B$6:$B$158,A15,'Požadavky'!$M$6:$M$158,"3rd party") | K15: =COUNTIFS('Požadavky'!$B$6:$B$158,A15,'Požadavky'!$P$6:$P$158,"CHYBÍ odkaz FS")
A16: LEG | B16: Právní a smluvní požadavky | C16: =COUNTIF('Požadavky'!$B$6:$B$158,A16) | D16: =COUNTIFS('Požadavky'!$B$6:$B$158,A16,'Požadavky'!$F$6:$F$158,"Must") | E16: =COUNTIFS('Požadavky'!$B$6:$B$158,A16,'Požadavky'!$F$6:$F$158,"Should") | F16: =COUNTIFS('Požadavky'!$B$6:$B$158,A16,'Požadavky'!$F$6:$F$158,"Could") | G16: =COUNTIFS('Požadavky'!$B$6:$B$158,A16,'Požadavky'!$G$6:$G$158,"Ano") | H16: =COUNTIFS('Požadavky'!$B$6:$B$158,A16,'Požadavky'!$M$6:$M$158,"<>") | I16: =COUNTIFS('Požadavky'!$B$6:$B$158,A16,'Požadavky'!$M$6:$M$158,"Custom vývoj") | J16: =COUNTIFS('Požadavky'!$B$6:$B$158,A16,'Požadavky'!$M$6:$M$158,"Nesplněno")+COUNTIFS('Požadavky'!$B$6:$B$158,A16,'Požadavky'!$M$6:$M$158,"3rd party") | K16: =COUNTIFS('Požadavky'!$B$6:$B$158,A16,'Požadavky'!$P$6:$P$158,"CHYBÍ odkaz FS")
A17: Celkem | C17: =SUM(C6:C16) | D17: =SUM(D6:D16) | E17: =SUM(E6:E16) | F17: =SUM(F6:F16) | G17: =SUM(G6:G16) | H17: =SUM(H6:H16) | I17: =SUM(I6:I16) | J17: =SUM(J6:J16) | K17: =SUM(K6:K16)
A19: Vyhodnocení (po doplnění odpovědí dodavatele)
A20: Pokrytí byznys funkcionalit (vážené) | B20: =IFERROR(SUM('Požadavky'!$V$6:$V$158)/SUM('Požadavky'!$W$6:$W$158),0)
A21: Body za Byznys funkcionality (max. 30) | B21: =B20*30
A22: Počet K.O. = FAIL | B22: =COUNTIF('Požadavky'!$U$6:$U$158,"FAIL")
A23: Počet K.O. = K VYJASNĚNÍ | B23: =COUNTIF('Požadavky'!$U$6:$U$158,"K VYJASNĚNÍ")
A24: Výsledek K.O. brány | B24: =IF(COUNTIF('Požadavky'!$M$6:$M$158,"<>")=0,"čeká na nabídku",IF(B22>0,"VYŘAZEN","POSTUPUJE"))
A25: Požadavky ve stavu K diskusi (musí být 0 před vyhlášením) | B25: =COUNTIF('Požadavky'!$K$6:$K$158,"K diskusi")+COUNTIF('Požadavky'!$K$6:$K$158,"Návrh")

Sheet Číselníky
A1: Číselníky
A2: Horizont Privátní banka, a.s. · Projekt SENTINEL – výměna KYC/AML řešení
A3: FIKTIVNÍ CVIČNÝ DOKUMENT – banka, osoby a dodavatelé jsou smyšlení.
A5: Oblast | B5: Název | D5: Odpověď | E5: Body | F5: Význam | H5: MoSCoW | I5: Váha
A6: KYC | B6: Onboarding a kontrola klienta (KYC/CDD) | D6: OOTB | E6: 5 | F6: Funkce je ve standardu produktu, stačí zapnout | H6: Must | I6: 3
A7: SCR | B7: Screening (sankce, PEP, adverse media) | D7: Konfigurace | E7: 3 | F7: Nastavení v UI bez programování | H7: Should | I7: 2
A8: TM | B8: Monitoring transakcí | D8: Custom vývoj | E8: 1 | F8: Vyžaduje vývoj; zvyšuje technický dluh a TCO | H8: Could | I8: 1
A9: CAS | B9: Správa případů a rozhodování | D9: 3rd party | E9: 0 | F9: Zajišťuje produkt třetí strany | H9: Won't | I9: 0
A10: REP | B10: Reporting a součinnost s FAÚ | D10: Nesplněno | E10: 0 | F10: Dodavatel neumí
A11: INT | B11: Integrace
A12: MIG | B12: Datová migrace
A13: NFR | B13: Nefunkční požadavky
A14: SEC | B14: Bezpečnost
A15: REG | B15: Regulatorní soulad a auditovatelnost
A16: LEG | B16: Právní a smluvní požadavky

Sheet Workshopy
A1: Záznam workshopů se stakeholdery
A2: Horizont Privátní banka, a.s. · Projekt SENTINEL – výměna KYC/AML řešení
A3: FIKTIVNÍ CVIČNÝ DOKUMENT – banka, osoby a dodavatelé jsou smyšlení.
A5: ID | B5: Datum | C5: Stakeholder | D5: Účastníci (role) | E5: Témata | F5: Závěry | G5: Dotčené požadavky

Sheet Konflikty
A1: Konflikty požadavků mezi stakeholdery a jejich rozhodnutí
A2: Horizont Privátní banka, a.s. · Projekt SENTINEL – výměna KYC/AML řešení
A3: FIKTIVNÍ CVIČNÝ DOKUMENT – banka, osoby a dodavatelé jsou smyšlení.
A5: ID | B5: Požadavek | C5: Pozice A | D5: Pozice B | E5: Rozhodnutí | F5: Rozhodnuto na

Sheet Změnový log
A1: Změnový log matice
A2: Horizont Privátní banka, a.s. · Projekt SENTINEL – výměna KYC/AML řešení
A3: FIKTIVNÍ CVIČNÝ DOKUMENT – banka, osoby a dodavatelé jsou smyšlení.
A5: Verze | B5: Datum | C5: Změna | D5: Dotčené ID | E5: Autor | F5: Schválil
