Workbook

Sheet Návod
A1: Příloha 1 – Matice shody (vyplňuje uchazeč)
A2: Horizont Privátní banka, a.s. · Projekt SENTINEL – výměna KYC/AML řešení
A3: FIKTIVNÍ CVIČNÝ DOKUMENT – banka, osoby a dodavatelé jsou smyšlení.
B5: Pokyny pro uchazeče
B6: 1) Ke každému požadavku vyberte ve sloupci „Odpověď dodavatele“ právě jednu normovanou hodnotu.
B7: OOTB = funkce je ve standardním produktu, stačí zapnout · Konfigurace = nastavení v UI bez programování · Custom vývoj = vyžaduje vývoj nad rámec produktu · 3rd party = zajišťuje produkt třetí strany · Nesplněno.
B8: U smluvních podmínek (LEG-*, REG-001): Akceptuje / Akceptuje s výhradou / Neakceptuje. Výhradu popište v komentáři.
B9: 2) Ve sloupci „Komentář dodavatele“ stručně popište, jak je požadavek splněn (modul, verze, omezení).
B10: 3) U odpovědí OOTB, Konfigurace a Custom vývoj je POVINNÝ odkaz na kapitolu Feasibility Study (Příloha 2). Bez odkazu se požadavek považuje za nesplněný. Sloupec „Křížová kontrola FS“ vám chybějící odkazy ukáže.
B11: 4) Uvedená tvrzení budou ověřena ve skriptovaném demu a jsou závazná – stanou se součástí smlouvy.
B12: 5) Nevyplňujte ani neměňte modré buňky. List je uzamčen; editovatelné jsou pouze žluté buňky.
B13: 6) K.O. kritéria se hodnotí Pass/Fail. Nesplnění kteréhokoli K.O. kritéria znamená vyřazení nabídky.
B14: 7) Dotazy k matici zasílejte výhradně kontaktní osobě dle kap. 8 Zadávací dokumentace; odpovědi jsou sdíleny všem uchazečům (Q&A log).
B15: Barvy
B17: Vyplňuje Banka (stakeholdeři / projektový tým)
... B20: Vypočteno vzorcem – needitovat

Sheet Požadavky
A1: Matice shody – požadavky (Příloha 1 Zadávací dokumentace)
A2: Horizont Privátní banka, a.s. · Projekt SENTINEL – výměna KYC/AML řešení
A3: FIKTIVNÍ CVIČNÝ DOKUMENT – banka, osoby a dodavatelé jsou smyšlení.
A4: BANKA | B4: BANKA | C4: BANKA | D4: BANKA | E4: BANKA | F4: BANKA | G4: BANKA | H4: BANKA | I4: BANKA | J4: DODAVATEL | K4: DODAVATEL | L4: DODAVATEL | M4: VÝPOČET
A5: ID požadavku | B5: Oblast | C5: Text požadavku | D5: Zdroj / zdůvodnění (legislativa, standard) | E5: Priorita (MoSCoW) | F5: K.O. kritérium | G5: Akceptační kritérium (jak ověříme) | H5: Očekávaná kapitola FS | I5: Hodnoceno v | J5: Odpověď dodavatele | K5: Komentář dodavatele (jak je splněno, verze produktu, omezení) | L5: Odkaz do Feasibility Study (kapitola) | M5: Křížová kontrola FS
A6: KYC-001 | B6: KYC | C6: Systém při onboardingu automaticky vypočte rizikový profil klienta (nízké / střední / vysoké / nepřijatelné riziko) z konfigurovatelných rizikových faktorů: typ klienta, země (bydliště, občanství, sídlo, zdroj majetku), produkt, distribuční kanál, objem aktiv a struktura vlastnictví. | D6: § 21a z. č. 253/2008 Sb.; vyhl. ČNB č. 67/2018 Sb.; EBA/GL/2021/02 | E6: Must | F6: Ne | G6: Compliance bez zásahu dodavatele změní váhu faktoru v UI; změna po schválení čtyřma očima platí pro nové výpočty do 1 prac. dne. | H6: 6.1 | I6: Byznys (30 %) | M6: =IF(J6="","",IF(OR(J6="OOTB",J6="Konfigurace",J6="Custom vývoj"),IF(L6="","CHYBÍ odkaz FS","OK"),"N/A"))
A7: KYC-002 | B7: KYC | C7: U každého výpočtu rizikového profilu je uložen vstup, použitá verze rizikového modelu, dílčí skóre faktorů a výsledné zdůvodnění; výpočet lze zpětně zrekonstruovat. | D7: § 21 z. č. 253/2008 Sb.; požadavek interního auditu | E7: Must | F7: Ne | G7: Pro vzorek 20 klientů lze k libovolnému datu zobrazit, proč měli daný rizikový profil. | H7: 9.2 | I7: Byznys (30 %) | M7: =IF(J7="","",IF(OR(J7="OOTB",J7="Konfigurace",J7="Custom vývoj"),IF(L7="","CHYBÍ odkaz FS","OK"),"N/A"))
A8: KYC-003 | B8: KYC | C8: Systém vynutí zesílenou kontrolu (EDD) pro vysoce rizikové klienty, PEP a klienty s vazbou na vysoce rizikové třetí země dle seznamu Evropské komise; workflow obsahuje povinné kroky, schválení vedoucím a uložení podkladů. | D8: § 9a z. č. 253/2008 Sb.; nařízení v přenesené pravomoci (EU) 2016/1675 | E8: Must | F8: Ne | G8: Onboarding PEP klienta nelze dokončit bez vyplnění všech povinných kroků EDD a schválení členem vedení dle vnitřního předpisu. | H8: 6.1 | I8: Byznys (30 %) | M8: =IF(J8="","",IF(OR(J8="OOTB",J8="Konfigurace",J8="Custom vývoj"),IF(L8="","CHYBÍ odkaz FS","OK"),"N/A"))
A9: KYC-004 | B9: KYC | C9: Evidence a ověření skutečného majitele (UBO) včetně vícevrstvých vlastnických struktur (holdingy, svěřenské fondy, trusty, nadace) s grafickou vizualizací struktury a výpočtem nepřímého podílu. | D9: § 9 odst. 2 písm. b) z. č. 253/2008 Sb.; z. č. 37/2021 Sb. | E9: Must | F9: Ne | G9: Struktura se 4 úrovněmi vlastnictví a svěřenským fondem se zobrazí graficky a systém určí UBO dle prahu 25 %. | H9: 6.1 | I9: Byznys (30 %) | M9: =IF(J9="","",IF(OR(J9="OOTB",J9="Konfigurace",J9="Custom vývoj"),IF(L9="","CHYBÍ odkaz FS","OK"),"N/A"))
A10: KYC-005 | B10: KYC | C10: Porovnání evidovaných skutečných majitelů s Evidencí skutečných majitelů (ESM) a podpora procesu hlášení nesrovnalosti. | D10: z. č. 37/2021 Sb. | E10: Should | F10: Ne | G10: Systém označí rozdíl mezi UBO v bance a výpisem z ESM a vytvoří úkol pro Compliance. | H10: 5.6 | I10: Byznys (30 %) | M10: =IF(J10="","",IF(OR(J10="OOTB",J10="Konfigurace",J10="Custom vývoj"),IF(L10="","CHYBÍ odkaz FS","OK"),"N/A"))
A11: KYC-006 | B11: KYC | C11: Načtení údajů o právnické osobě z veřejných rejstříků (ARES, obchodní rejstřík) při onboardingu i při revizi. | D11: Efektivita procesu | E11: Should | F11: Ne | G11: Po zadání IČO se předvyplní název, sídlo, statutární orgán a datum vzniku. | H11: 5.6 | I11: Byznys (30 %) | M11: =IF(J11="","",IF(OR(J11="OOTB",J11="Konfigurace",J11="Custom vývoj"),IF(L11="","CHYBÍ odkaz FS","OK"),"N/A"))
A12: KYC-007 | B12: KYC | C12: Příjem výsledku vzdálené identifikace klienta prostřednictvím bankovní identity (BankID) a jeho uložení jako důkazu o identifikaci. | D12: z. č. 250/2017 Sb.; EBA/GL/2022/15 | E12: Could | F12: Ne | G12: Identifikace přes BankID se propíše do KYC záznamu včetně úrovně záruky. | H12: 5.6 | I12: Byznys (30 %) | M12: =IF(J12="","",IF(OR(J12="OOTB",J12="Konfigurace",J12="Custom vývoj"),IF(L12="","CHYBÍ odkaz FS","OK"),"N/A"))
A13: KYC-008 | B13: KYC | C13: Periodická revize klienta plánovaná podle rizikovosti (vysoké 1 rok, střední 3 roky, nízké 5 let – konfigurovatelné) s automatickým založením úkolu pro obchodníka v CRM. | D13: § 9 odst. 1 z. č. 253/2008 Sb.; vnitřní předpis Banky | E13: Must | F13: Ne | G13: 60 dní před termínem revize vznikne v CRM úkol přiřazený obchodníkovi klienta. | H13: 6.1 | I13: Byznys (30 %) | M13: =IF(J13="","",IF(OR(J13="OOTB",J13="Konfigurace",J13="Custom vývoj"),IF(L13="","CHYBÍ odkaz FS","OK"),"N/A"))
A14: KYC-009 | B14: KYC | C14: Událostmi řízená revize: změna rizikově relevantního údaje v CRM (adresa, státní občanství, UBO, předmět podnikání) vyvolá přepočet rizikového profilu a re-screening do 15 minut. | D14: § 9 z. č. 253/2008 Sb. | E14: Must | F14: Ne | G14: Změna státního občanství na zemi z vysoce rizikového seznamu zvýší rizikovost do 15 minut a vytvoří případ. | H14: 5.1 | I14: Byznys (30 %) | M14: =IF(J14="","",IF(OR(J14="OOTB",J14="Konfigurace",J14="Custom vývoj"),IF(L14="","CHYBÍ odkaz FS","OK"),"N/A"))
A15: KYC-010 | B15: KYC | C15: Strukturovaný dotazník ke zdroji majetku (SoW) a zdroji finančních prostředků (SoF) s možností přiložit doklady, s verzováním odpovědí a vyhodnocením věrohodnosti. | D15: § 9 odst. 2 písm. c) a § 9a z. č. 253/2008 Sb. | E15: Must | F15: Ne | G15: Obchodník vyplní SoW/SoF v CRM, doklady se uloží do DMS a každá změna je dohledatelná. | H15: 6.1 | I15: Byznys (30 %) | M15: =IF(J15="","",IF(OR(J15="OOTB",J15="Konfigurace",J15="Custom vývoj"),IF(L15="","CHYBÍ odkaz FS","OK"),"N/A"))
A16: KYC-011 | B16: KYC | C16: Obchodník vidí stav KYC, rizikovost, termín revize a otevřené případy klienta přímo v CRM bez přepnutí do jiné aplikace (embedded komponenta nebo API). | D16: Případová studie: CRM je core aplikace | E16: Must | F16: Ne | G16: Na kartě klienta v CRM se zobrazí stav KYC do 2 s. | H16: 5.1 | I16: Byznys (30 %) | M16: =IF(J16="","",IF(OR(J16="OOTB",J16="Konfigurace",J16="Custom vývoj"),IF(L16="","CHYBÍ odkaz FS","OK"),"N/A"))
A17: KYC-012 | B17: KYC | C17: Formuláře KYC se předvyplní z dat CRM; obchodník nezadává žádný údaj dvakrát. | D17: Efektivita procesu | E17: Should | F17: Ne | G17: Při revizi existujícího klienta jsou předvyplněny všechny údaje evidované v CRM. | H17: 5.1 | I17: Byznys (30 %) | M17: =IF(J17="","",IF(OR(J17="OOTB",J17="Konfigurace",J17="Custom vývoj"),IF(L17="","CHYBÍ odkaz FS","OK"),"N/A"))
... A100: LEG-010 | B100: LEG | C100: Pojištění odpovědnosti dodavatele s limitem plnění min. 50 mil. Kč po celou dobu trvání smlouvy. | D100: Standard smluv Banky | E100: Should | F100: Ne | G100: Pojistný certifikát v nabídce. | H100: 12 | I100: Smluvní podmínka | M100: =IF(J100="","",IF(OR(J100="OOTB",J100="Konfigurace",J100="Custom vývoj"),IF(L100="","CHYBÍ odkaz FS","OK"),"N/A"))

Sheet Souhrn
A1: Souhrn matice shody
A2: Horizont Privátní banka, a.s. · Projekt SENTINEL – výměna KYC/AML řešení
A3: FIKTIVNÍ CVIČNÝ DOKUMENT – banka, osoby a dodavatelé jsou smyšlení.
A5: Oblast | B5: Název oblasti | C5: Počet požadavků | D5: Must | E5: Should | F5: Could | G5: K.O. | H5: Vyplněno dodavatelem | I5: Custom vývoj | J5: Nesplněno / 3rd party | K5: Chybí odkaz FS
A6: KYC | B6: Onboarding a kontrola klienta (KYC/CDD) | C6: =COUNTIF('Požadavky'!$B$6:$B$100,A6) | D6: =COUNTIFS('Požadavky'!$B$6:$B$100,A6,'Požadavky'!$E$6:$E$100,"Must") | E6: =COUNTIFS('Požadavky'!$B$6:$B$100,A6,'Požadavky'!$E$6:$E$100,"Should") | F6: =COUNTIFS('Požadavky'!$B$6:$B$100,A6,'Požadavky'!$E$6:$E$100,"Could") | G6: =COUNTIFS('Požadavky'!$B$6:$B$100,A6,'Požadavky'!$F$6:$F$100,"Ano") | H6: =COUNTIFS('Požadavky'!$B$6:$B$100,A6,'Požadavky'!$J$6:$J$100,"<>") | I6: =COUNTIFS('Požadavky'!$B$6:$B$100,A6,'Požadavky'!$J$6:$J$100,"Custom vývoj") | J6: =COUNTIFS('Požadavky'!$B$6:$B$100,A6,'Požadavky'!$J$6:$J$100,"Nesplněno")+COUNTIFS('Požadavky'!$B$6:$B$100,A6,'Požadavky'!$J$6:$J$100,"3rd party") | K6: =COUNTIFS('Požadavky'!$B$6:$B$100,A6,'Požadavky'!$M$6:$M$100,"CHYBÍ odkaz FS")
A7: SCR | B7: Screening (sankce, PEP, adverse media) | C7: =COUNTIF('Požadavky'!$B$6:$B$100,A7) | D7: =COUNTIFS('Požadavky'!$B$6:$B$100,A7,'Požadavky'!$E$6:$E$100,"Must") | E7: =COUNTIFS('Požadavky'!$B$6:$B$100,A7,'Požadavky'!$E$6:$E$100,"Should") | F7: =COUNTIFS('Požadavky'!$B$6:$B$100,A7,'Požadavky'!$E$6:$E$100,"Could") | G7: =COUNTIFS('Požadavky'!$B$6:$B$100,A7,'Požadavky'!$F$6:$F$100,"Ano") | H7: =COUNTIFS('Požadavky'!$B$6:$B$100,A7,'Požadavky'!$J$6:$J$100,"<>") | I7: =COUNTIFS('Požadavky'!$B$6:$B$100,A7,'Požadavky'!$J$6:$J$100,"Custom vývoj") | J7: =COUNTIFS('Požadavky'!$B$6:$B$100,A7,'Požadavky'!$J$6:$J$100,"Nesplněno")+COUNTIFS('Požadavky'!$B$6:$B$100,A7,'Požadavky'!$J$6:$J$100,"3rd party") | K7: =COUNTIFS('Požadavky'!$B$6:$B$100,A7,'Požadavky'!$M$6:$M$100,"CHYBÍ odkaz FS")
A8: TM | B8: Monitoring transakcí | C8: =COUNTIF('Požadavky'!$B$6:$B$100,A8) | D8: =COUNTIFS('Požadavky'!$B$6:$B$100,A8,'Požadavky'!$E$6:$E$100,"Must") | E8: =COUNTIFS('Požadavky'!$B$6:$B$100,A8,'Požadavky'!$E$6:$E$100,"Should") | F8: =COUNTIFS('Požadavky'!$B$6:$B$100,A8,'Požadavky'!$E$6:$E$100,"Could") | G8: =COUNTIFS('Požadavky'!$B$6:$B$100,A8,'Požadavky'!$F$6:$F$100,"Ano") | H8: =COUNTIFS('Požadavky'!$B$6:$B$100,A8,'Požadavky'!$J$6:$J$100,"<>") | I8: =COUNTIFS('Požadavky'!$B$6:$B$100,A8,'Požadavky'!$J$6:$J$100,"Custom vývoj") | J8: =COUNTIFS('Požadavky'!$B$6:$B$100,A8,'Požadavky'!$J$6:$J$100,"Nesplněno")+COUNTIFS('Požadavky'!$B$6:$B$100,A8,'Požadavky'!$J$6:$J$100,"3rd party") | K8: =COUNTIFS('Požadavky'!$B$6:$B$100,A8,'Požadavky'!$M$6:$M$100,"CHYBÍ odkaz FS")
A9: CAS | B9: Správa případů a rozhodování | C9: =COUNTIF('Požadavky'!$B$6:$B$100,A9) | D9: =COUNTIFS('Požadavky'!$B$6:$B$100,A9,'Požadavky'!$E$6:$E$100,"Must") | E9: =COUNTIFS('Požadavky'!$B$6:$B$100,A9,'Požadavky'!$E$6:$E$100,"Should") | F9: =COUNTIFS('Požadavky'!$B$6:$B$100,A9,'Požadavky'!$E$6:$E$100,"Could") | G9: =COUNTIFS('Požadavky'!$B$6:$B$100,A9,'Požadavky'!$F$6:$F$100,"Ano") | H9: =COUNTIFS('Požadavky'!$B$6:$B$100,A9,'Požadavky'!$J$6:$J$100,"<>") | I9: =COUNTIFS('Požadavky'!$B$6:$B$100,A9,'Požadavky'!$J$6:$J$100,"Custom vývoj") | J9: =COUNTIFS('Požadavky'!$B$6:$B$100,A9,'Požadavky'!$J$6:$J$100,"Nesplněno")+COUNTIFS('Požadavky'!$B$6:$B$100,A9,'Požadavky'!$J$6:$J$100,"3rd party") | K9: =COUNTIFS('Požadavky'!$B$6:$B$100,A9,'Požadavky'!$M$6:$M$100,"CHYBÍ odkaz FS")
A10: REP | B10: Reporting a součinnost s FAÚ | C10: =COUNTIF('Požadavky'!$B$6:$B$100,A10) | D10: =COUNTIFS('Požadavky'!$B$6:$B$100,A10,'Požadavky'!$E$6:$E$100,"Must") | E10: =COUNTIFS('Požadavky'!$B$6:$B$100,A10,'Požadavky'!$E$6:$E$100,"Should") | F10: =COUNTIFS('Požadavky'!$B$6:$B$100,A10,'Požadavky'!$E$6:$E$100,"Could") | G10: =COUNTIFS('Požadavky'!$B$6:$B$100,A10,'Požadavky'!$F$6:$F$100,"Ano") | H10: =COUNTIFS('Požadavky'!$B$6:$B$100,A10,'Požadavky'!$J$6:$J$100,"<>") | I10: =COUNTIFS('Požadavky'!$B$6:$B$100,A10,'Požadavky'!$J$6:$J$100,"Custom vývoj") | J10: =COUNTIFS('Požadavky'!$B$6:$B$100,A10,'Požadavky'!$J$6:$J$100,"Nesplněno")+COUNTIFS('Požadavky'!$B$6:$B$100,A10,'Požadavky'!$J$6:$J$100,"3rd party") | K10: =COUNTIFS('Požadavky'!$B$6:$B$100,A10,'Požadavky'!$M$6:$M$100,"CHYBÍ odkaz FS")
A11: INT | B11: Integrace | C11: =COUNTIF('Požadavky'!$B$6:$B$100,A11) | D11: =COUNTIFS('Požadavky'!$B$6:$B$100,A11,'Požadavky'!$E$6:$E$100,"Must") | E11: =COUNTIFS('Požadavky'!$B$6:$B$100,A11,'Požadavky'!$E$6:$E$100,"Should") | F11: =COUNTIFS('Požadavky'!$B$6:$B$100,A11,'Požadavky'!$E$6:$E$100,"Could") | G11: =COUNTIFS('Požadavky'!$B$6:$B$100,A11,'Požadavky'!$F$6:$F$100,"Ano") | H11: =COUNTIFS('Požadavky'!$B$6:$B$100,A11,'Požadavky'!$J$6:$J$100,"<>") | I11: =COUNTIFS('Požadavky'!$B$6:$B$100,A11,'Požadavky'!$J$6:$J$100,"Custom vývoj") | J11: =COUNTIFS('Požadavky'!$B$6:$B$100,A11,'Požadavky'!$J$6:$J$100,"Nesplněno")+COUNTIFS('Požadavky'!$B$6:$B$100,A11,'Požadavky'!$J$6:$J$100,"3rd party") | K11: =COUNTIFS('Požadavky'!$B$6:$B$100,A11,'Požadavky'!$M$6:$M$100,"CHYBÍ odkaz FS")
A12: MIG | B12: Datová migrace | C12: =COUNTIF('Požadavky'!$B$6:$B$100,A12) | D12: =COUNTIFS('Požadavky'!$B$6:$B$100,A12,'Požadavky'!$E$6:$E$100,"Must") | E12: =COUNTIFS('Požadavky'!$B$6:$B$100,A12,'Požadavky'!$E$6:$E$100,"Should") | F12: =COUNTIFS('Požadavky'!$B$6:$B$100,A12,'Požadavky'!$E$6:$E$100,"Could") | G12: =COUNTIFS('Požadavky'!$B$6:$B$100,A12,'Požadavky'!$F$6:$F$100,"Ano") | H12: =COUNTIFS('Požadavky'!$B$6:$B$100,A12,'Požadavky'!$J$6:$J$100,"<>") | I12: =COUNTIFS('Požadavky'!$B$6:$B$100,A12,'Požadavky'!$J$6:$J$100,"Custom vývoj") | J12: =COUNTIFS('Požadavky'!$B$6:$B$100,A12,'Požadavky'!$J$6:$J$100,"Nesplněno")+COUNTIFS('Požadavky'!$B$6:$B$100,A12,'Požadavky'!$J$6:$J$100,"3rd party") | K12: =COUNTIFS('Požadavky'!$B$6:$B$100,A12,'Požadavky'!$M$6:$M$100,"CHYBÍ odkaz FS")
A13: NFR | B13: Nefunkční požadavky | C13: =COUNTIF('Požadavky'!$B$6:$B$100,A13) | D13: =COUNTIFS('Požadavky'!$B$6:$B$100,A13,'Požadavky'!$E$6:$E$100,"Must") | E13: =COUNTIFS('Požadavky'!$B$6:$B$100,A13,'Požadavky'!$E$6:$E$100,"Should") | F13: =COUNTIFS('Požadavky'!$B$6:$B$100,A13,'Požadavky'!$E$6:$E$100,"Could") | G13: =COUNTIFS('Požadavky'!$B$6:$B$100,A13,'Požadavky'!$F$6:$F$100,"Ano") | H13: =COUNTIFS('Požadavky'!$B$6:$B$100,A13,'Požadavky'!$J$6:$J$100,"<>") | I13: =COUNTIFS('Požadavky'!$B$6:$B$100,A13,'Požadavky'!$J$6:$J$100,"Custom vývoj") | J13: =COUNTIFS('Požadavky'!$B$6:$B$100,A13,'Požadavky'!$J$6:$J$100,"Nesplněno")+COUNTIFS('Požadavky'!$B$6:$B$100,A13,'Požadavky'!$J$6:$J$100,"3rd party") | K13: =COUNTIFS('Požadavky'!$B$6:$B$100,A13,'Požadavky'!$M$6:$M$100,"CHYBÍ odkaz FS")
A14: SEC | B14: Bezpečnost | C14: =COUNTIF('Požadavky'!$B$6:$B$100,A14) | D14: =COUNTIFS('Požadavky'!$B$6:$B$100,A14,'Požadavky'!$E$6:$E$100,"Must") | E14: =COUNTIFS('Požadavky'!$B$6:$B$100,A14,'Požadavky'!$E$6:$E$100,"Should") | F14: =COUNTIFS('Požadavky'!$B$6:$B$100,A14,'Požadavky'!$E$6:$E$100,"Could") | G14: =COUNTIFS('Požadavky'!$B$6:$B$100,A14,'Požadavky'!$F$6:$F$100,"Ano") | H14: =COUNTIFS('Požadavky'!$B$6:$B$100,A14,'Požadavky'!$J$6:$J$100,"<>") | I14: =COUNTIFS('Požadavky'!$B$6:$B$100,A14,'Požadavky'!$J$6:$J$100,"Custom vývoj") | J14: =COUNTIFS('Požadavky'!$B$6:$B$100,A14,'Požadavky'!$J$6:$J$100,"Nesplněno")+COUNTIFS('Požadavky'!$B$6:$B$100,A14,'Požadavky'!$J$6:$J$100,"3rd party") | K14: =COUNTIFS('Požadavky'!$B$6:$B$100,A14,'Požadavky'!$M$6:$M$100,"CHYBÍ odkaz FS")
A15: REG | B15: Regulatorní soulad a auditovatelnost | C15: =COUNTIF('Požadavky'!$B$6:$B$100,A15) | D15: =COUNTIFS('Požadavky'!$B$6:$B$100,A15,'Požadavky'!$E$6:$E$100,"Must") | E15: =COUNTIFS('Požadavky'!$B$6:$B$100,A15,'Požadavky'!$E$6:$E$100,"Should") | F15: =COUNTIFS('Požadavky'!$B$6:$B$100,A15,'Požadavky'!$E$6:$E$100,"Could") | G15: =COUNTIFS('Požadavky'!$B$6:$B$100,A15,'Požadavky'!$F$6:$F$100,"Ano") | H15: =COUNTIFS('Požadavky'!$B$6:$B$100,A15,'Požadavky'!$J$6:$J$100,"<>") | I15: =COUNTIFS('Požadavky'!$B$6:$B$100,A15,'Požadavky'!$J$6:$J$100,"Custom vývoj") | J15: =COUNTIFS('Požadavky'!$B$6:$B$100,A15,'Požadavky'!$J$6:$J$100,"Nesplněno")+COUNTIFS('Požadavky'!$B$6:$B$100,A15,'Požadavky'!$J$6:$J$100,"3rd party") | K15: =COUNTIFS('Požadavky'!$B$6:$B$100,A15,'Požadavky'!$M$6:$M$100,"CHYBÍ odkaz FS")
A16: LEG | B16: Právní a smluvní požadavky | C16: =COUNTIF('Požadavky'!$B$6:$B$100,A16) | D16: =COUNTIFS('Požadavky'!$B$6:$B$100,A16,'Požadavky'!$E$6:$E$100,"Must") | E16: =COUNTIFS('Požadavky'!$B$6:$B$100,A16,'Požadavky'!$E$6:$E$100,"Should") | F16: =COUNTIFS('Požadavky'!$B$6:$B$100,A16,'Požadavky'!$E$6:$E$100,"Could") | G16: =COUNTIFS('Požadavky'!$B$6:$B$100,A16,'Požadavky'!$F$6:$F$100,"Ano") | H16: =COUNTIFS('Požadavky'!$B$6:$B$100,A16,'Požadavky'!$J$6:$J$100,"<>") | I16: =COUNTIFS('Požadavky'!$B$6:$B$100,A16,'Požadavky'!$J$6:$J$100,"Custom vývoj") | J16: =COUNTIFS('Požadavky'!$B$6:$B$100,A16,'Požadavky'!$J$6:$J$100,"Nesplněno")+COUNTIFS('Požadavky'!$B$6:$B$100,A16,'Požadavky'!$J$6:$J$100,"3rd party") | K16: =COUNTIFS('Požadavky'!$B$6:$B$100,A16,'Požadavky'!$M$6:$M$100,"CHYBÍ odkaz FS")
A17: Celkem | C17: =SUM(C6:C16) | D17: =SUM(D6:D16) | E17: =SUM(E6:E16) | F17: =SUM(F6:F16) | G17: =SUM(G6:G16) | H17: =SUM(H6:H16) | I17: =SUM(I6:I16) | J17: =SUM(J6:J16) | K17: =SUM(K6:K16)

Sheet Číselníky
A1: Číselníky
A2: Horizont Privátní banka, a.s. · Projekt SENTINEL – výměna KYC/AML řešení
A3: FIKTIVNÍ CVIČNÝ DOKUMENT – banka, osoby a dodavatelé jsou smyšlení.
A5: Oblast | B5: Název | D5: Odpověď | E5: Body | F5: Význam | H5: MoSCoW | I5: Váha
A6: KYC | B6: Onboarding a kontrola klienta (KYC/CDD) | D6: OOTB | E6: 5 | F6: Funkce je ve standardu produktu, stačí zapnout | H6: Must | I6: 3
A7: SCR | B7: Screening (sankce, PEP, adverse media) | D7: Konfigurace | E7: 3 | F7: Nastavení v UI bez programování | H7: Should | I7: 2
A8: TM | B8: Monitoring transakcí | D8: Custom vývoj | E8: 1 | F8: Vyžaduje vývoj; zvyšuje technický dluh a TCO | H8: Could | I8: 1
A9: CAS | B9: Správa případů a rozhodování | D9: 3rd party | E9: 0 | F9: Zajišťuje produkt třetí strany | H9: Won't | I9: 0
A10: REP | B10: Reporting a součinnost s FAÚ | D10: Nesplněno | E10: 0 | F10: Dodavatel neumí
A11: INT | B11: Integrace
A12: MIG | B12: Datová migrace
A13: NFR | B13: Nefunkční požadavky
A14: SEC | B14: Bezpečnost
A15: REG | B15: Regulatorní soulad a auditovatelnost
A16: LEG | B16: Právní a smluvní požadavky
