Workbook

Sheet Návod
A1: Příloha 3 – Závazná cenová šablona (TCO na 5 let)
A2: Horizont Privátní banka, a.s. · Projekt SENTINEL – výměna KYC/AML řešení
A3: FIKTIVNÍ CVIČNÝ DOKUMENT – banka, osoby a dodavatelé jsou smyšlení.
B5: Pokyny
B6: 1) Vyplňujte VÝHRADNĚ žlutě podbarvené buňky. Ostatní buňky jsou uzamčeny a obsahují vzorce.
B7: 2) Všechny ceny uvádějte v Kč bez DPH. Ceny v EUR přepočtěte kurzem uvedeným na listu Předpoklady.
B8: 3) Každý řádek musí být vyplněn. Pokud je položka zahrnuta v jiné položce, uveďte 0 a do sloupce Poznámka napište, ve které.
B9: 4) Rok 1 začíná podpisem smlouvy (plánováno 1. 4. 2027). Go-live je předpokládán v roce 1 nebo 2 dle vašeho plánu ve FS.
B10: 5) Ceny musí odpovídat objemům a prostředím z listu Předpoklady, včetně růstového scénáře +20 % objemů od roku 4.
B11: 6) Legislativní údržba (AML zákon, vyhlášky ČNB, AMLR) a oprava zranitelností v dodaném kódu musí být zahrnuty v ceně licence/podpory – na listu C to potvrďte hodnotou „Ano“. Hodnota „Ne“ je vyřazovací.
B12: 7) Rate card (list D) je závazná po celou dobu smlouvy; meziroční navýšení sazeb je omezeno inflační doložkou s maximem 5 %.
B13: 8) Rozvojová kapacita (list C) je oceněna automaticky z rate card na 120 MD ročně, aby byly nabídky srovnatelné.
B14: 9) Hodnocenou cenou je „TCO celkem za 5 let“ na listu Souhrn. Kontrolní buňky na listu Souhrn musí být zelené.
B15: Proč se ptáme na tyto položky
B16: Šablona vědomě obsahuje položky, které se v nabídkách často „zapomínají“ a doplácejí se později jako vícepráce: neprodukční prostředí, licence třetích stran, datové zdroje sankcí/PEP, dopad růstu objemů, integrace na logování, monitoring a zálohování, datová migrace, dokumentace v češtině, oprava bezpečnostních nálezů a exit.
... B23: Vypočteno vzorcem – needitovat

Sheet Souhrn
A1: Souhrn TCO na 5 let (vypočteno – needitovat)
A2: Horizont Privátní banka, a.s. · Projekt SENTINEL – výměna KYC/AML řešení
A3: FIKTIVNÍ CVIČNÝ DOKUMENT – banka, osoby a dodavatelé jsou smyšlení.
A4: Název dodavatele:
A6: Kategorie | C6: Rok 1 | D6: Rok 2 | E6: Rok 3 | F6: Rok 4 | G6: Rok 5 | H6: Celkem 5 let | I6: Podíl
A7: A – Licence a infrastruktura | C7: ='A_Licence_Infra'!E18 | D7: ='A_Licence_Infra'!F18 | E7: ='A_Licence_Infra'!G18 | F7: ='A_Licence_Infra'!H18 | G7: ='A_Licence_Infra'!I18 | H7: =SUM(C7:G7) | I7: =IFERROR(H7/$H$11,0)
A8: B – Implementace a jednorázové služby | C8: ='B_Implementace'!H22 | D8: ='B_Implementace'!I22 | E8: ='B_Implementace'!J22 | F8: ='B_Implementace'!K22 | G8: ='B_Implementace'!L22 | H8: =SUM(C8:G8) | I8: =IFERROR(H8/$H$11,0)
A9: C – Provoz, podpora a rozvoj | C9: ='C_Provoz_Podpora'!D13 | D9: ='C_Provoz_Podpora'!E13 | E9: ='C_Provoz_Podpora'!F13 | F9: ='C_Provoz_Podpora'!G13 | G9: ='C_Provoz_Podpora'!H13 | H9: =SUM(C9:G9) | I9: =IFERROR(H9/$H$11,0)
A10: E – Exit | C10: ='E_Exit'!D9 | D10: ='E_Exit'!E9 | E10: ='E_Exit'!F9 | F10: ='E_Exit'!G9 | G10: ='E_Exit'!H9 | H10: =SUM(C10:G10) | I10: =IFERROR(H10/$H$11,0)
A11: TCO celkem za 5 let (HODNOCENÁ CENA) | C11: =SUM(C7:C10) | D11: =SUM(D7:D10) | E11: =SUM(E7:E10) | F11: =SUM(F7:F10) | G11: =SUM(G7:G10) | H11: =SUM(H7:H10)
A12: NPV TCO (informativně, nehodnotí se) | H12: =NPV('Předpoklady'!$B$16,C11:G11)
A13: TCO v EUR (informativně) | H13: =H11/'Předpoklady'!$B$15
A15: Kontroly úplnosti
A16: Nevyplněné cenové buňky v listu A | C16: =COUNTBLANK('A_Licence_Infra'!E6:I17)
A17: Nevyplněný způsob zajištění v listu A | C17: =COUNTBLANK('A_Licence_Infra'!D6:D17)
A18: Nevyplněné MD / sazby / rok plnění v listu B | C18: =COUNTBLANK('B_Implementace'!D6:E21)+COUNTBLANK('B_Implementace'!G6:G21)
A19: Nevyplněné cenové buňky v listu C | C19: =COUNTBLANK('C_Provoz_Podpora'!D6:H11)
A20: Nevyplněné sazby v rate card / indexace | C20: =COUNTBLANK('D_Rate_card'!C6:C14)+COUNTBLANK('D_Rate_card'!C17)
A21: Nevyplněné cenové buňky v listu E | C21: =COUNTBLANK('E_Exit'!D6:H8)
A22: Potvrzení na listu C s hodnotou jinou než Ano | C22: =COUNTA('C_Provoz_Podpora'!$D$16:$D$19)-COUNTIF('C_Provoz_Podpora'!$D$16:$D$19,"Ano")+COUNTBLANK('C_Provoz_Podpora'!$D$16:$D$19)
A23: Stav nabídky | C23: =IF(SUM(C16:C22)=0,"KOMPLETNÍ","NEÚPLNÁ")

Sheet Předpoklady
A1: Předpoklady pro nacenění (stanovuje Banka – needitovat)
A2: Horizont Privátní banka, a.s. · Projekt SENTINEL – výměna KYC/AML řešení
A3: FIKTIVNÍ CVIČNÝ DOKUMENT – banka, osoby a dodavatelé jsou smyšlení.
A5: Parametr | B5: Hodnota | C5: Jednotka | D5: Poznámka
A6: Počet aktivních klientů (rok 1) | B6: 9500 | C6: klientů | D6: 65 % FO, 35 % PO a struktury
A7: Počet prověřovaných subjektů (klienti, zástupci, UBO) | B7: 38000 | C7: subjektů | D7: Noční re-screening
A8: Počet transakcí ročně (rok 1) | B8: 1400000 | C8: transakcí | D8: Vstup do monitoringu transakcí
A9: Počet plateb ke screeningu ročně | B9: 220000 | C9: plateb | D9: Zahraniční platby SWIFT/SEPA
A10: Pojmenovaní uživatelé | B10: 150 | C10: uživatelů | D10: Obchod 100, Compliance 30, podpora 20
A11: Souběžní uživatelé | B11: 60 | C11: uživatelů
A12: Růstový scénář – nárůst objemů od roku 4 | B12: 0.2 | C12: % | D12: Oceňte dopad do licencí a infrastruktury (list A, řádek A.10)
A13: Prostředí | B13: DEV, SIT, UAT, PreProd, PROD, DR | D13: Všechna musí být oceněna
A14: Hosting | B14: On-premise DC Banky / privátní cloud EU | D14: Viz NFR-006 (K.O.)
A15: Kurz pro přepočet EUR/CZK | B15: 25 | C15: Kč/EUR | D15: Pevný kurz pro účely hodnocení
A16: Diskontní sazba pro NPV (informativně) | B16: 0.05 | C16: % | D16: NPV se nehodnotí, slouží Bance pro interní business case
A17: Rozvojová kapacita ročně | B17: 120 | C17: MD/rok | D17: Oceněno z rate card (list D)

Sheet A_Licence_Infra
A1: A – Licence a infrastruktura
A2: Horizont Privátní banka, a.s. · Projekt SENTINEL – výměna KYC/AML řešení
A3: FIKTIVNÍ CVIČNÝ DOKUMENT – banka, osoby a dodavatelé jsou smyšlení.
A5: Č. | B5: Položka | C5: Popis / co musí obsahovat | D5: Způsob zajištění | E5: Rok 1 | F5: Rok 2 | G5: Rok 3 | H5: Rok 4 | I5: Rok 5 | J5: Celkem 5 let | K5: Poznámka dodavatele
A6: A.1 | B6: Licence – produkční prostředí (PROD) | C6: Všechny moduly pokrývající Matici shody; metrika licencování uvedena v poznámce | J6: =SUM(E6:I6)
A7: A.2 | B7: Licence – DR prostředí | C7: Záložní DC (active-passive) | J7: =SUM(E7:I7)
A8: A.3 | B8: Licence – DEV | C8: Vývojové prostředí Banky | J8: =SUM(E8:I8)
A9: A.4 | B9: Licence – SIT | C9: Systémové integrační testy | J9: =SUM(E9:I9)
A10: A.5 | B10: Licence – UAT | C10: Uživatelské akceptační testy | J10: =SUM(E10:I10)
A11: A.6 | B11: Licence – PreProd (výkonnostní) | C11: Prostředí v produkční velikosti pro výkonnostní testy | J11: =SUM(E11:I11)
A12: A.7 | B12: Licence databáze třetí strany | C12: Oracle / MS SQL / PostgreSQL – uveďte OEM v ceně nebo nákup Bankou | J12: =SUM(E12:I12)
A13: A.8 | B13: Licence aplikačního serveru, middleware, ostatní SW třetích stran | C13: Vše, co řešení potřebuje k běhu | J13: =SUM(E13:I13)
A14: A.9 | B14: Datové zdroje: sankční seznamy, PEP, adverse media | C14: Předplatné datových feedů po celých 5 let | J14: =SUM(E14:I14)
A15: A.10 | B15: Dopad růstového scénáře +20 % od roku 4 | C15: Navýšení licencí/infrastruktury při překročení tieru | J15: =SUM(E15:I15)
A16: A.11 | B16: Infrastruktura / hosting privátního cloudu | C16: Pouze pokud ji dodává dodavatel; on-premise HW uveďte jako sizing v FS kap. 3 | J16: =SUM(E16:I16)
A17: A.12 | B17: Ostatní licenční a infrastrukturní náklady | C17: Specifikujte v poznámce | J17: =SUM(E17:I17)
B18: Mezisoučet | E18: =SUM(E6:E17) | F18: =SUM(F6:F17) | G18: =SUM(G6:G17) | H18: =SUM(H6:H17) | I18: =SUM(I6:I17) | J18: =SUM(J6:J17)

Sheet B_Implementace
A1: B – Implementace a jednorázové služby
A2: Horizont Privátní banka, a.s. · Projekt SENTINEL – výměna KYC/AML řešení
A3: FIKTIVNÍ CVIČNÝ DOKUMENT – banka, osoby a dodavatelé jsou smyšlení.
A5: Č. | B5: Položka | C5: Co musí obsahovat | D5: Počet MD | E5: Průměrná sazba (Kč/MD) | F5: Cena celkem | G5: Rok plnění (R1/R2) | H5: Rok 1 | I5: Rok 2 | J5: Rok 3 | K5: Rok 4 | L5: Rok 5 | M5: Poznámka dodavatele
A6: B.1 | B6: Projektové řízení | C6: Po celou dobu implementace a hypercare | F6: =D6*E6 | H6: =IF(G6="R1",F6,IF(G6="R1+R2",F6/2,0)) | I6: =IF(G6="R2",F6,IF(G6="R1+R2",F6/2,0)) | J6: 0 | K6: 0 | L6: 0
A7: B.2 | B7: Analýza a detailní návrh řešení | C7: Včetně workshopů s IT, Compliance, Legal a Obchodem | F7: =D7*E7 | H7: =IF(G7="R1",F7,IF(G7="R1+R2",F7/2,0)) | I7: =IF(G7="R2",F7,IF(G7="R1+R2",F7/2,0)) | J7: 0 | K7: 0 | L7: 0
A8: B.3 | B8: Konfigurace produktu | C8: Rizikový model, scénáře TM, screening, workflow | F8: =D8*E8 | H8: =IF(G8="R1",F8,IF(G8="R1+R2",F8/2,0)) | I8: =IF(G8="R2",F8,IF(G8="R1+R2",F8/2,0)) | J8: 0 | K8: 0 | L8: 0
A9: B.4 | B9: Custom vývoj | C9: Všechny požadavky označené v Matici jako Custom vývoj | F9: =D9*E9 | H9: =IF(G9="R1",F9,IF(G9="R1+R2",F9/2,0)) | I9: =IF(G9="R2",F9,IF(G9="R1+R2",F9/2,0)) | J9: 0 | K9: 0 | L9: 0
A10: B.5 | B10: Integrace – CRM (REST, události) | C10: INT-001, KYC-011, CAS-003 | F10: =D10*E10 | H10: =IF(G10="R1",F10,IF(G10="R1+R2",F10/2,0)) | I10: =IF(G10="R2",F10,IF(G10="R1+R2",F10/2,0)) | J10: 0 | K10: 0 | L10: 0
A11: B.6 | B11: Integrace – core banking (Kafka) | C11: INT-002 | F11: =D11*E11 | H11: =IF(G11="R1",F11,IF(G11="R1+R2",F11/2,0)) | I11: =IF(G11="R2",F11,IF(G11="R1+R2",F11/2,0)) | J11: 0 | K11: 0 | L11: 0
A12: B.7 | B12: Integrace – platební systém | C12: INT-004 | F12: =D12*E12 | H12: =IF(G12="R1",F12,IF(G12="R1+R2",F12/2,0)) | I12: =IF(G12="R2",F12,IF(G12="R1+R2",F12/2,0)) | J12: 0 | K12: 0 | L12: 0
A13: B.8 | B13: Integrace – DWH, DMS, ESB, registry | C13: INT-003, INT-005, INT-006, INT-010 | F13: =D13*E13 | H13: =IF(G13="R1",F13,IF(G13="R1+R2",F13/2,0)) | I13: =IF(G13="R2",F13,IF(G13="R1+R2",F13/2,0)) | J13: 0 | K13: 0 | L13: 0
A14: B.9 | B14: Integrace – SIEM, monitoring, zálohování | C14: INT-007, INT-008; napojení na zálohovací řešení Banky | F14: =D14*E14 | H14: =IF(G14="R1",F14,IF(G14="R1+R2",F14/2,0)) | I14: =IF(G14="R2",F14,IF(G14="R1+R2",F14/2,0)) | J14: 0 | K14: 0 | L14: 0
A15: B.10 | B15: Datová migrace – mapování, ETL, zkušební běhy | C15: MIG-001, MIG-003 | F15: =D15*E15 | H15: =IF(G15="R1",F15,IF(G15="R1+R2",F15/2,0)) | I15: =IF(G15="R2",F15,IF(G15="R1+R2",F15/2,0)) | J15: 0 | K15: 0 | L15: 0
A16: B.11 | B16: Datová migrace – rekonciliace a paralelní provoz | C16: MIG-002, MIG-004, min. 4 týdny paralelního běhu | F16: =D16*E16 | H16: =IF(G16="R1",F16,IF(G16="R1+R2",F16/2,0)) | I16: =IF(G16="R2",F16,IF(G16="R1+R2",F16/2,0)) | J16: 0 | K16: 0 | L16: 0
A17: B.12 | B17: Podpora testování (SIT, UAT) a výkonnostní testy | C17: NFR-003, NFR-009 | F17: =D17*E17 | H17: =IF(G17="R1",F17,IF(G17="R1+R2",F17/2,0)) | I17: =IF(G17="R2",F17,IF(G17="R1+R2",F17/2,0)) | J17: 0 | K17: 0 | L17: 0
... A21: B.16 | B21: Součinnost s penetračním testem a DPIA | C21: SEC-006, REG-004 | F21: =D21*E21 | H21: =IF(G21="R1",F21,IF(G21="R1+R2",F21/2,0)) | I21: =IF(G21="R2",F21,IF(G21="R1+R2",F21/2,0)) | J21: 0 | K21: 0 | L21: 0
B22: Mezisoučet | D22: =SUM(D6:D21) | F22: =SUM(F6:F21) | H22: =SUM(H6:H21) | I22: =SUM(I6:I21) | J22: =SUM(J6:J21) | K22: =SUM(K6:K21) | L22: =SUM(L6:L21)

Sheet C_Provoz_Podpora
A1: C – Provoz, podpora a rozvoj
A2: Horizont Privátní banka, a.s. · Projekt SENTINEL – výměna KYC/AML řešení
A3: FIKTIVNÍ CVIČNÝ DOKUMENT – banka, osoby a dodavatelé jsou smyšlení.
A5: Č. | B5: Položka | C5: Popis / co musí obsahovat | D5: Rok 1 | E5: Rok 2 | F5: Rok 3 | G5: Rok 4 | H5: Rok 5 | I5: Celkem 5 let | J5: Poznámka dodavatele
A6: C.1 | B6: Maintenance a podpora L2/L3 dle SLA (Příloha 4) | C6: Včetně 24/7 pro P1 a P2 incidenty | I6: =SUM(D6:H6)
A7: C.2 | B7: Upgrady a nové verze produktu | C7: Včetně migrace konfigurace na novou verzi | I7: =SUM(D7:H7)
A8: C.3 | B8: Provozní služby (managed service), pokud jsou nabízeny | C8: Jinak 0 | I8: =SUM(D8:H8)
A9: C.4 | B9: Hosting privátního cloudu – provozní poplatek | C9: Jinak 0 | I9: =SUM(D9:H9)
A10: C.5 | B10: Aktualizace dokumentace při každém releasu | C10: CZ/EN | I10: =SUM(D10:H10)
A11: C.6 | B11: Ostatní opakované náklady | C11: Specifikujte v poznámce | I11: =SUM(D11:H11)
A12: C.7 | B12: Rozvojová kapacita (change requesty) | C12: Vypočteno: 120 MD/rok × blended sazba z listu D (needitovat) | D12: ='Předpoklady'!$B$17*'D_Rate_card'!C15 | E12: ='Předpoklady'!$B$17*'D_Rate_card'!D15 | F12: ='Předpoklady'!$B$17*'D_Rate_card'!E15 | G12: ='Předpoklady'!$B$17*'D_Rate_card'!F15 | H12: ='Předpoklady'!$B$17*'D_Rate_card'!G15 | I12: =SUM(D12:H12)
B13: Mezisoučet | D13: =SUM(D6:D12) | E13: =SUM(E6:E12) | F13: =SUM(F6:F12) | G13: =SUM(G6:G12) | H13: =SUM(H6:H12) | I13: =SUM(I6:I12)
B15: Potvrzení dodavatele (vyřazovací)
B16: Legislativní údržba (AML zákon, vyhlášky ČNB, AMLR/AMLA) je zahrnuta v C.1 bez dalších poplatků
B17: Oprava kritických a vysokých zranitelností v dodaném kódu je zahrnuta v C.1 bez dalších poplatků
B18: Non-PROD prostředí (DEV, SIT, UAT, PreProd) jsou oceněna v listu A
B19: Ceny nezávisí na kurzu ani na neuvedených předpokladech

Sheet D_Rate_card
A1: D – Závazná rate card a inflační doložka
A2: Horizont Privátní banka, a.s. · Projekt SENTINEL – výměna KYC/AML řešení
A3: FIKTIVNÍ CVIČNÝ DOKUMENT – banka, osoby a dodavatelé jsou smyšlení.
A5: Role | B5: Mix pro rozvoj (Banka) | C5: Sazba rok 1 (Kč/MD) | D5: Rok 2 | E5: Rok 3 | F5: Rok 4 | G5: Rok 5 | H5: Poznámka
A6: Projektový manažer | B6: 0.1 | D6: =C6*(1+$C$18) | E6: =D6*(1+$C$18) | F6: =E6*(1+$C$18) | G6: =F6*(1+$C$18)
A7: Business analytik | B7: 0.15 | D7: =C7*(1+$C$18) | E7: =D7*(1+$C$18) | F7: =E7*(1+$C$18) | G7: =F7*(1+$C$18)
A8: Solution architekt | B8: 0.1 | D8: =C8*(1+$C$18) | E8: =D8*(1+$C$18) | F8: =E8*(1+$C$18) | G8: =F8*(1+$C$18)
A9: Vývojář | B9: 0.3 | D9: =C9*(1+$C$18) | E9: =D9*(1+$C$18) | F9: =E9*(1+$C$18) | G9: =F9*(1+$C$18)
A10: Tester | B10: 0.15 | D10: =C10*(1+$C$18) | E10: =D10*(1+$C$18) | F10: =E10*(1+$C$18) | G10: =F10*(1+$C$18)
A11: Datový specialista (migrace) | B11: 0.05 | D11: =C11*(1+$C$18) | E11: =D11*(1+$C$18) | F11: =E11*(1+$C$18) | G11: =F11*(1+$C$18)
A12: AML doménový konzultant | B12: 0.05 | D12: =C12*(1+$C$18) | E12: =D12*(1+$C$18) | F12: =E12*(1+$C$18) | G12: =F12*(1+$C$18)
A13: Specialista provozu / DevOps | B13: 0.05 | D13: =C13*(1+$C$18) | E13: =D13*(1+$C$18) | F13: =E13*(1+$C$18) | G13: =F13*(1+$C$18)
A14: Bezpečnostní specialista | B14: 0.05 | D14: =C14*(1+$C$18) | E14: =D14*(1+$C$18) | F14: =E14*(1+$C$18) | G14: =F14*(1+$C$18)
A15: Vážená průměrná sazba (blended) | B15: =SUM(B6:B14) | C15: =SUMPRODUCT($B$6:$B$14,C6:C14) | D15: =SUMPRODUCT($B$6:$B$14,D6:D14) | E15: =SUMPRODUCT($B$6:$B$14,E6:E14) | F15: =SUMPRODUCT($B$6:$B$14,F6:F14) | G15: =SUMPRODUCT($B$6:$B$14,G6:G14)
A17: Navrhovaná roční indexace sazeb (dodavatel)
A18: Uplatněná indexace = MIN(navrhovaná; strop 5 %) | C18: =MIN(C17,0.05)

Sheet E_Exit
A1: E – Exit a ukončení (ochrana proti vendor lock-in)
A2: Horizont Privátní banka, a.s. · Projekt SENTINEL – výměna KYC/AML řešení
A3: FIKTIVNÍ CVIČNÝ DOKUMENT – banka, osoby a dodavatelé jsou smyšlení.
A5: Č. | B5: Položka | C5: Popis / co musí obsahovat | D5: Rok 1 | E5: Rok 2 | F5: Rok 3 | G5: Rok 4 | H5: Rok 5 | I5: Celkem 5 let | J5: Poznámka dodavatele
A6: E.1 | B6: Součinnost při ukončení smlouvy | C6: Min. 12 měsíců exitové součinnosti dle LEG-006 – ocenit v roce 5 | I6: =SUM(D6:H6)
A7: E.2 | B7: Export všech dat v otevřeném strojově čitelném formátu | C7: Kompletní data, konfigurace, auditní stopy, dokumentace datového modelu | I7: =SUM(D7:H7)
A8: E.3 | B8: Prodloužení licencí po dobu přechodu (6 měsíců) | C8: Pro souběh s novým řešením | I8: =SUM(D8:H8)
B9: Mezisoučet | D9: =SUM(D6:D8) | E9: =SUM(E6:E8) | F9: =SUM(F6:F8) | G9: =SUM(G6:G8) | H9: =SUM(H6:H8) | I9: =SUM(I6:I8)
